Donor ID,Name,Gender,Blood Type,Location,Email,Contact
20ON01,Robert Gracias,Male,O-,Palm Bay,Robert Gracias@hotmail.com,13975954222
20ON02,Flinn Lopez,Female,O-,Lake City,Flinn Lopez@hotmail.com,13974520079
20ON03,Henry Gonzales,Male,O-,Key West,Henry Gonzales@yahoo.com,13955876224
20ON04,Sarah Smith,Female,O-,Lake City,Sarah Smith@gmail.com,13954442081
20ON05,Judi Henson,Female,O-,Palm Bay,Judi Henson@hotmail.com,13953007938
20ON06,Ming Lee,Female,O-,Palm Bay,Ming Lee@yahoo.com,13951573796
20ON07,Chandler Brown,Male,O-,Key West,Chandler Brown@hotmail.com,13950139653
20ON08,Liam ,Male,O-,Palm Bay,Liam@hotmail.com,13948705510
20ON09,Joshua Huss,Male,O-,Lake City,Joshua Huss@gmail.com,13947271367
20ON10,Ivan Miles,Female,O-,Key West,Ivan Miles@yahoo.com,13945837225
20ON11,Raven Johnson,Female,O-,Palm Bay,Raven Johnson@gmail.com,13944403082
20ON12,Shane Roberts,Male,O-,Key West,Shane Roberts@hotmail.com,13942968939
20ON13,Joe Kingston,Female,O-,Palm Bay,Joe Kingston@yahoo.com,13941534796
20ON14,Elbert Noel,Male,O-,Key West,Elbert Noel@hotmail.com,13957310367
20ON15,Perry Walter,Female,O-,Lake City,Perry Walter@yahoo.com,13955876224
